{
  "anagrafica": {
    "testata": {
      "nomemercato": {
        "-id": "007",
        "#text": "Mercato di test"
      },
      "data": "Giovedi 18 dicembre 2003 16.05.29"
    },
    "record": [
      {
        "codice_cliente": "5",
        "rag_soc": "Miami American Cafe",
        "codice_fiscale": "IT07654930130",
        "indirizzo": {
          "-tipo": "casa",
          "#text": "Viale Carlo Espinasse 5, Como"
        },
        "num_prodotti": "13"
      },
      {
        "codice_cliente": "302",
        "rag_soc": "Filiberto Gilardi",
        "codice_fiscale": "IT87654770157",
        "indirizzo": {
          "-tipo": "ufficio",
          "#text": "Via Biancospini 20, Messina"
        },
        "num_prodotti": "8"
      },
      {
        "codice_cliente": "1302",
        "rag_soc": "Eidon",
        "codice_fiscale": "IT887511231",
        "indirizzo": {
          "-tipo": "ufficio",
          "#text": "Via Bassini 17/2, Milano"
        },
        "num_prodotti": "18"
      },
      {
        "codice_cliente": "202",
        "rag_soc": "SkillNet",
        "codice_fiscale": "IT887642131",
        "indirizzo": {
          "-tipo": "ufficio",
          "#text": "Via Chiasserini 11A, Milano"
        },
        "num_prodotti": "24"
      },
      {
        "codice_cliente": "12",
        "rag_soc": "Eidon",
        "codice_fiscale": "IT04835710965",
        "indirizzo": {
          "-tipo": "casa",
          "#text": "Via Cignoli 17/2, Roma"
        },
        "num_prodotti": "1112"
      },
      {
        "codice_cliente": "5",
        "rag_soc": "Miami American Cafe",
        "codice_fiscale": "IT07654930130",
        "indirizzo": {
          "-tipo": "casa",
          "#text": "Viale Carlo Espinasse 5, Como"
        },
        "num_prodotti": "13"
      },
      {
        "codice_cliente": "302",
        "rag_soc": "Filiberto Gilardi",
        "codice_fiscale": "IT87654770157",
        "indirizzo": {
          "-tipo": "ufficio",
          "#text": "Via Biancospini 20, Messina"
        },
        "num_prodotti": "8"
      },
      {
        "codice_cliente": "1302",
        "rag_soc": "Eidon",
        "codice_fiscale": "IT887511231",
        "indirizzo": {
          "-tipo": "ufficio",
          "#text": "Via Bassini 17/2, Milano"
        },
        "num_prodotti": "18"
      },
      {
        "codice_cliente": "202",
        "rag_soc": "SkillNet",
        "codice_fiscale": "IT887642131",
        "indirizzo": {
          "-tipo": "ufficio",
          "#text": "Via Chiasserini 11A, Milano"
        },
        "num_prodotti": "24"
      },
      {
        "codice_cliente": "202",
        "rag_soc": "SkillNet",
        "codice_fiscale": "IT887642131",
        "indirizzo": {
          "-tipo": "ufficio",
          "#text": "Via Chiasserini 11A, Milano"
        },
        "num_prodotti": "24"
      },
      {
        "codice_cliente": "12",
        "rag_soc": "Eidon",
        "codice_fiscale": "IT04835710965",
        "indirizzo": {
          "-tipo": "casa",
          "#text": "Via Cignoli 17/2, Roma"
        },
        "num_prodotti": "1112"
      }
    ]
  }
}